[
    {
      "_id": "5c9e17581b2804c21c89f7b7",
      "name": "CAXT",
      "type": "SMART TRIGGER EMAIL",
      "company": "AUTOGRATE"
    },
    {
      "_id": "5c9e175817493f1361a22519",
      "name": "UNEEQ",
      "type": "SMS CONNECTOR",
      "company": "VURBO"
    },
    {
      "_id": "5c9e1758afa78406b10414d6",
      "name": "JIMBIES",
      "type": "PUSH EMAIL",
      "company": "PANZENT"
    },
    {
      "_id": "5c9e1758389a61d6709ee2eb",
      "name": "ETERNIS",
      "type": "PUSH EMAIL",
      "company": "ZORROMOP"
    },
    {
      "_id": "5c9e1758ce8c60cd36c93bd6",
      "name": "CINESANCT",
      "type": "PUSH EMAIL",
      "company": "GENMEX"
    },
    {
      "_id": "5c9e1758df67f2b42fc900eb",
      "name": "PEARLESEX",
      "type": "GENERAL EMAIL",
      "company": "LIQUICOM"
    },
    {
      "_id": "5c9e175886ce38acfb323e7c",
      "name": "AUSTECH",
      "type": "SMS CONNECTOR",
      "company": "GROK"
    },
    {
      "_id": "5c9e17586c3f18b337165ee0",
      "name": "KROG",
      "type": "SMART TRIGGER PUSH",
      "company": "ONTAGENE"
    },
    {
      "_id": "5c9e1758fe2fbbb001921473",
      "name": "VIRXO",
      "type": "SMART TRIGGER EMAIL",
      "company": "MONDICIL"
    },
    {
      "_id": "5c9e1758fe61db8d481c2c3c",
      "name": "CYTREK",
      "type": "SMART TRIGGER EMAIL",
      "company": "GRONK"
    },
    {
      "_id": "5c9e175853aa20f34490bcef",
      "name": "QUARMONY",
      "type": "SMART TRIGGER PUSH",
      "company": "RECRITUBE"
    },
    {
      "_id": "5c9e17583df99715bde886a5",
      "name": "WAAB",
      "type": "SMART TRIGGER PUSH",
      "company": "SUNCLIPSE"
    },
    {
      "_id": "5c9e1758a70efd94b9c32e31",
      "name": "NAMEBOX",
      "type": "SMS CONNECTOR",
      "company": "IMMUNICS"
    },
    {
      "_id": "5c9e1758324e2a995015e41c",
      "name": "RODEMCO",
      "type": "GENERAL EMAIL",
      "company": "MOREGANIC"
    },
    {
      "_id": "5c9e175827b25ab774c2b5b9",
      "name": "STRALOY",
      "type": "SMART TRIGGER PUSH",
      "company": "TUBESYS"
    },
    {
      "_id": "5c9e17586b3ed54ea0fe712f",
      "name": "MATRIXITY",
      "type": "CONNECTOR",
      "company": "DYNO"
    },
    {
      "_id": "5c9e1758e8cefaac38040adc",
      "name": "FLOTONIC",
      "type": "CONNECTOR",
      "company": "DIGIGENE"
    },
    {
      "_id": "5c9e1758dee5bd6545c27d6d",
      "name": "GRACKER",
      "type": "GENERAL EMAIL",
      "company": "EXTRAWEAR"
    },
    {
      "_id": "5c9e1758cb40285b3dc182fc",
      "name": "ENVIRE",
      "type": "SMART TRIGGER PUSH",
      "company": "APEXIA"
    },
    {
      "_id": "5c9e17588958eb397ab2b70c",
      "name": "HAIRPORT",
      "type": "SMART TRIGGER PUSH",
      "company": "HOPELI"
    },
    {
      "_id": "5c9e1758581b4fc48f12d0d2",
      "name": "DREAMIA",
      "type": "SMS CONNECTOR",
      "company": "INSURON"
    },
    {
      "_id": "5c9e1758ed254b1df5d0b2cb",
      "name": "ZILLIDIUM",
      "type": "PUSH EMAIL",
      "company": "ZAPHIRE"
    },
    {
      "_id": "5c9e1758dd6b70d9d1449614",
      "name": "CINCYR",
      "type": "SMART TRIGGER EMAIL",
      "company": "EXOSTREAM"
    },
    {
      "_id": "5c9e17580dfe4c528028b5e9",
      "name": "UNISURE",
      "type": "SMART TRIGGER EMAIL",
      "company": "CANDECOR"
    },
    {
      "_id": "5c9e175854c1dfd493d91517",
      "name": "CONJURICA",
      "type": "GENERAL EMAIL",
      "company": "DIGIQUE"
    },
    {
      "_id": "5c9e1758fe15926a632464bf",
      "name": "GEEKOSIS",
      "type": "SMS CONNECTOR",
      "company": "RETRACK"
    },
    {
      "_id": "5c9e17588e11b228bef94eec",
      "name": "CYTRAK",
      "type": "SMART TRIGGER EMAIL",
      "company": "RUBADUB"
    },
    {
      "_id": "5c9e17589991b1bfe28bcbb5",
      "name": "DARWINIUM",
      "type": "PUSH EMAIL",
      "company": "GENEKOM"
    },
    {
      "_id": "5c9e17589ed7bdd7e855c4ee",
      "name": "GEEKNET",
      "type": "GENERAL EMAIL",
      "company": "POLARIUM"
    },
    {
      "_id": "5c9e1758de09c343268cc259",
      "name": "ZENTHALL",
      "type": "PUSH EMAIL",
      "company": "DIGINETIC"
    },
    {
      "_id": "5c9e1758b66c2854bdc1c667",
      "name": "QABOOS",
      "type": "PUSH EMAIL",
      "company": "BITENDREX"
    },
    {
      "_id": "5c9e17586f4eee8dd6924b91",
      "name": "UNCORP",
      "type": "CONNECTOR",
      "company": "UTARIAN"
    },
    {
      "_id": "5c9e1758e92caabcf02cabbc",
      "name": "VENDBLEND",
      "type": "SMART TRIGGER PUSH",
      "company": "COREPAN"
    },
    {
      "_id": "5c9e175835e8a180610ea709",
      "name": "ANIMALIA",
      "type": "PUSH EMAIL",
      "company": "ZINCA"
    },
    {
      "_id": "5c9e1758e194012362db04e3",
      "name": "RENOVIZE",
      "type": "SMS CONNECTOR",
      "company": "ANIVET"
    },
    {
      "_id": "5c9e1758ad0cc64fddff0213",
      "name": "EXOTERIC",
      "type": "SMART TRIGGER PUSH",
      "company": "VISALIA"
    },
    {
      "_id": "5c9e1758b4b49ede10d82e0b",
      "name": "CEPRENE",
      "type": "CONNECTOR",
      "company": "FLUMBO"
    },
    {
      "_id": "5c9e17588e3b16fdd14b784c",
      "name": "EXOSIS",
      "type": "PUSH EMAIL",
      "company": "APPLICA"
    },
    {
      "_id": "5c9e175852a9aa24af7e107d",
      "name": "MUSAPHICS",
      "type": "SMART TRIGGER PUSH",
      "company": "TERRAGO"
    },
    {
      "_id": "5c9e17586ccdae3aef056278",
      "name": "ZILPHUR",
      "type": "PUSH EMAIL",
      "company": "INVENTURE"
    },
    {
      "_id": "5c9e1758258e381ff1dd2240",
      "name": "EXOSPACE",
      "type": "SMS CONNECTOR",
      "company": "BALOOBA"
    },
    {
      "_id": "5c9e1758132044961277a1c1",
      "name": "NEUROCELL",
      "type": "PUSH EMAIL",
      "company": "GEOFORMA"
    },
    {
      "_id": "5c9e1758919482dc7f75951e",
      "name": "SPORTAN",
      "type": "GENERAL EMAIL",
      "company": "GINKLE"
    },
    {
      "_id": "5c9e1758a538b91a660aac04",
      "name": "ZILIDIUM",
      "type": "SMART TRIGGER EMAIL",
      "company": "PHARMACON"
    },
    {
      "_id": "5c9e1758312824d349a60552",
      "name": "ACLIMA",
      "type": "SMART TRIGGER EMAIL",
      "company": "CENTREXIN"
    },
    {
      "_id": "5c9e175837b826a1cc0d3e8a",
      "name": "NAMEGEN",
      "type": "PUSH EMAIL",
      "company": "STOCKPOST"
    },
    {
      "_id": "5c9e175854750836562d2c59",
      "name": "EVENTIX",
      "type": "SMART TRIGGER EMAIL",
      "company": "SNIPS"
    },
    {
      "_id": "5c9e1758c14182a5e5b8a5f0",
      "name": "ZILLAN",
      "type": "SMART TRIGGER PUSH",
      "company": "BLUEGRAIN"
    },
    {
      "_id": "5c9e1758bffd06cd48a24d91",
      "name": "TSUNAMIA",
      "type": "PUSH EMAIL",
      "company": "SONGBIRD"
    },
    {
      "_id": "5c9e1758130c822144809b68",
      "name": "NETILITY",
      "type": "CONNECTOR",
      "company": "IRACK"
    },
    {
      "_id": "5c9e175800e19fced45057b6",
      "name": "GRUPOLI",
      "type": "SMART TRIGGER PUSH",
      "company": "PARAGONIA"
    },
    {
      "_id": "5c9e1758d8f7201e67160142",
      "name": "FLEXIGEN",
      "type": "PUSH EMAIL",
      "company": "GEOFARM"
    },
    {
      "_id": "5c9e1758c1af203ba696ab52",
      "name": "HANDSHAKE",
      "type": "SMS CONNECTOR",
      "company": "QUILTIGEN"
    },
    {
      "_id": "5c9e1758e5ac85ef40eb007a",
      "name": "SYNTAC",
      "type": "PUSH EMAIL",
      "company": "MARQET"
    },
    {
      "_id": "5c9e1758b413c39f8ab2e647",
      "name": "ZIGGLES",
      "type": "SMS CONNECTOR",
      "company": "KINETICA"
    },
    {
      "_id": "5c9e1758824c3cf6d498ab68",
      "name": "DIGIGEN",
      "type": "SMART TRIGGER PUSH",
      "company": "ASSURITY"
    },
    {
      "_id": "5c9e1758c4151b8be0fccbc9",
      "name": "KONGENE",
      "type": "SMS CONNECTOR",
      "company": "PORTALINE"
    },
    {
      "_id": "5c9e175811f9cdec16c1d2c5",
      "name": "STROZEN",
      "type": "SMART TRIGGER EMAIL",
      "company": "QUALITERN"
    },
    {
      "_id": "5c9e17582a91d25a81554df2",
      "name": "MEDALERT",
      "type": "GENERAL EMAIL",
      "company": "PROTODYNE"
    },
    {
      "_id": "5c9e175878e49232c99faf5a",
      "name": "QUAILCOM",
      "type": "CONNECTOR",
      "company": "NEXGENE"
    },
    {
      "_id": "5c9e17582413db9f7b918dfa",
      "name": "KIOSK",
      "type": "SMART TRIGGER PUSH",
      "company": "OVERFORK"
    },
    {
      "_id": "5c9e17586a0b06e8fd4e15d9",
      "name": "SHADEASE",
      "type": "SMS CONNECTOR",
      "company": "ZANITY"
    },
    {
      "_id": "5c9e17581bd25bbbe7100ef6",
      "name": "EWAVES",
      "type": "PUSH EMAIL",
      "company": "BULLZONE"
    },
    {
      "_id": "5c9e17580e0bfcefcaf5d53a",
      "name": "SLOFAST",
      "type": "SMART TRIGGER EMAIL",
      "company": "GEEKETRON"
    },
    {
      "_id": "5c9e1758543297e0cb26f104",
      "name": "GLEAMINK",
      "type": "CONNECTOR",
      "company": "BITREX"
    },
    {
      "_id": "5c9e17587bd5186e8c9f82d3",
      "name": "XYMONK",
      "type": "CONNECTOR",
      "company": "LOTRON"
    },
    {
      "_id": "5c9e1758b19762b6b1908d1b",
      "name": "ILLUMITY",
      "type": "CONNECTOR",
      "company": "IDEGO"
    },
    {
      "_id": "5c9e17582189c965d9cb877b",
      "name": "ENTALITY",
      "type": "SMART TRIGGER PUSH",
      "company": "ENERFORCE"
    },
    {
      "_id": "5c9e17580bf3eba0d3ed682d",
      "name": "QUINEX",
      "type": "PUSH EMAIL",
      "company": "INFOTRIPS"
    },
    {
      "_id": "5c9e17586da744571cb58b06",
      "name": "COMTOUR",
      "type": "GENERAL EMAIL",
      "company": "JOVIOLD"
    },
    {
      "_id": "5c9e1758c54a5e229dc2e9fe",
      "name": "BLANET",
      "type": "GENERAL EMAIL",
      "company": "SYNKGEN"
    },
    {
      "_id": "5c9e1758e3f8783fdb416e3f",
      "name": "JETSILK",
      "type": "SMART TRIGGER PUSH",
      "company": "PLASMOSIS"
    },
    {
      "_id": "5c9e1758fa610e1b28f695b5",
      "name": "EARTHPLEX",
      "type": "PUSH EMAIL",
      "company": "OPTIQUE"
    },
    {
      "_id": "5c9e17589e8349a9bc5a90cd",
      "name": "INTERFIND",
      "type": "PUSH EMAIL",
      "company": "AQUOAVO"
    },
    {
      "_id": "5c9e1758973509cb15ae10f0",
      "name": "EXTRAGENE",
      "type": "SMART TRIGGER PUSH",
      "company": "MOMENTIA"
    },
    {
      "_id": "5c9e175860ce14779b799eac",
      "name": "ACRUEX",
      "type": "PUSH EMAIL",
      "company": "PUSHCART"
    },
    {
      "_id": "5c9e17583e6026eac3ee9690",
      "name": "KIDSTOCK",
      "type": "SMART TRIGGER EMAIL",
      "company": "DYMI"
    },
    {
      "_id": "5c9e175871b6e7583d60b8d8",
      "name": "PROSELY",
      "type": "SMART TRIGGER PUSH",
      "company": "VALREDA"
    },
    {
      "_id": "5c9e175846461b0fdf38f64a",
      "name": "GEEKY",
      "type": "SMS CONNECTOR",
      "company": "PYRAMIS"
    },
    {
      "_id": "5c9e1758e8e7f4f95b2eb1d7",
      "name": "EXOSWITCH",
      "type": "SMS CONNECTOR",
      "company": "NURALI"
    },
    {
      "_id": "5c9e1758613bef07f938da00",
      "name": "FIBEROX",
      "type": "SMS CONNECTOR",
      "company": "NURPLEX"
    },
    {
      "_id": "5c9e1758b87df62b38dcb202",
      "name": "BOLAX",
      "type": "PUSH EMAIL",
      "company": "AQUASURE"
    },
    {
      "_id": "5c9e1758da00bab51ebadb9f",
      "name": "GENMOM",
      "type": "SMART TRIGGER PUSH",
      "company": "UNDERTAP"
    },
    {
      "_id": "5c9e175888a2dce7dcceb323",
      "name": "HOTCAKES",
      "type": "GENERAL EMAIL",
      "company": "ZENTIME"
    },
    {
      "_id": "5c9e1758d16c05a4c1a38437",
      "name": "MARKETOID",
      "type": "SMART TRIGGER EMAIL",
      "company": "COMCUR"
    },
    {
      "_id": "5c9e1758476b6b5d42e97fc8",
      "name": "KNEEDLES",
      "type": "SMS CONNECTOR",
      "company": "ELENTRIX"
    },
    {
      "_id": "5c9e17580719b541cd518228",
      "name": "MENBRAIN",
      "type": "SMS CONNECTOR",
      "company": "MULTRON"
    },
    {
      "_id": "5c9e17583acd850d5e90eeb9",
      "name": "XSPORTS",
      "type": "SMS CONNECTOR",
      "company": "TRANSLINK"
    },
    {
      "_id": "5c9e1758f76ae223d36ea524",
      "name": "AQUAZURE",
      "type": "CONNECTOR",
      "company": "MAXEMIA"
    },
    {
      "_id": "5c9e1758378a8a0859c1295d",
      "name": "FUELTON",
      "type": "SMS CONNECTOR",
      "company": "STEELTAB"
    },
    {
      "_id": "5c9e1758b89dd7391d80d5c3",
      "name": "ZOLARITY",
      "type": "SMART TRIGGER EMAIL",
      "company": "EARGO"
    },
    {
      "_id": "5c9e175883d9463180b6d11f",
      "name": "COGENTRY",
      "type": "SMS CONNECTOR",
      "company": "QUILCH"
    },
    {
      "_id": "5c9e1758699ca6689438bf3a",
      "name": "GRAINSPOT",
      "type": "SMART TRIGGER PUSH",
      "company": "ENERSAVE"
    },
    {
      "_id": "5c9e17589f679d4f0c5e3f43",
      "name": "CORPORANA",
      "type": "SMART TRIGGER PUSH",
      "company": "COMVEY"
    },
    {
      "_id": "5c9e17586c97166bb062a852",
      "name": "PIVITOL",
      "type": "SMART TRIGGER EMAIL",
      "company": "COLUMELLA"
    },
    {
      "_id": "5c9e175806240de73b75cac4",
      "name": "ZENSOR",
      "type": "SMS CONNECTOR",
      "company": "NORSUP"
    },
    {
      "_id": "5c9e1758e3b9c4d1430a2e76",
      "name": "ANIXANG",
      "type": "SMART TRIGGER PUSH",
      "company": "CENTICE"
    },
    {
      "_id": "5c9e17589bd172d7be41ec10",
      "name": "ASSITIA",
      "type": "GENERAL EMAIL",
      "company": "APPLIDECK"
    },
    {
      "_id": "5c9e17586214f1a824d01a62",
      "name": "ORBIFLEX",
      "type": "SMART TRIGGER PUSH",
      "company": "MUSANPOLY"
    },
    {
      "_id": "5c9e17585b18e86df5a430bc",
      "name": "NIQUENT",
      "type": "SMART TRIGGER EMAIL",
      "company": "TETAK"
    },
    {
      "_id": "5c9e1758919482dc7f75951e",
      "name": "SPORTAN",
      "type": "GENERAL EMAIL",
      "company": "GINKLE"
    }
  ]
  